{
    "loss": 1.9827508926391602,
    "accuracy": 0.2956989109516144,
    "precision": 0.2238709020967085,
    "recall": 0.2956989247311828,
    "timestamp": "20250331_173502",
    "num_test_samples": 186
}