{
    "loss": 2.28963303565979,
    "accuracy": 0.2795698940753937,
    "precision": 0.22830088152668798,
    "recall": 0.27956989247311825,
    "timestamp": "20250331_173442",
    "num_test_samples": 186
}