{
    "buoy": {
        "precision": 0.0,
        "recall": 0.0,
        "f1-score": 0.0,
        "support": 9.0
    },
    "cruise_ship": {
        "precision": 0.0,
        "recall": 0.0,
        "f1-score": 0.0,
        "support": 33.0
    },
    "ferry_boat": {
        "precision": 0.25,
        "recall": 0.07142857142857142,
        "f1-score": 0.11111111111111112,
        "support": 14.0
    },
    "freight_boat": {
        "precision": 0.0,
        "recall": 0.0,
        "f1-score": 0.0,
        "support": 4.0
    },
    "gondola": {
        "precision": 0.16666666666666666,
        "recall": 0.05714285714285714,
        "f1-score": 0.0851063829787234,
        "support": 35.0
    },
    "inflatable_boat": {
        "precision": 0.0,
        "recall": 0.0,
        "f1-score": 0.0,
        "support": 3.0
    },
    "kayak": {
        "precision": 0.2072072072072072,
        "recall": 0.71875,
        "f1-score": 0.32167832167832167,
        "support": 32.0
    },
    "paper_boat": {
        "precision": 0.0,
        "recall": 0.0,
        "f1-score": 0.0,
        "support": 3.0
    },
    "sailboat": {
        "precision": 0.5,
        "recall": 0.49056603773584906,
        "f1-score": 0.49523809523809526,
        "support": 53.0
    },
    "accuracy": 0.27956989247311825,
    "macro avg": {
        "precision": 0.12487487487487486,
        "recall": 0.14865416292303082,
        "f1-score": 0.11257043455625018,
        "support": 186.0
    },
    "weighted avg": {
        "precision": 0.22830088152668798,
        "recall": 0.27956989247311825,
        "f1-score": 0.22083658226417321,
        "support": 186.0
    }
}